File Name,Emotion
RUN MEMU.mp3,male_angry
Viswasam Nanna Tamil Dialogue.mp3,male_angry
Master Movie Bgms ! tamil movie song.mp3,male_happy 
Nanban-guitar.mp3,male_happy
3 movie bgm.mp3,female_happy
Vaalu Simbu Dialogue.mp3,female_happy
Ayan Bgms.mp3,male_surprise 
Nanban Dialouge Frnd.mp3,male_surprise 
Pogiren lovely tamil bgm.mp3,male_sad
Ayyo Poche - vadivelu comedy Dialogue ! Tamil dialogues.mp3,male_sad
Raja Rani BGM.mp3,female_sad
Chitti Court Entry - Bgm.mp3,female_sad
Mappilai Dialouge.mp3,male_neutral
Raja rani bgms.mp3,female_neutral
Dhanush - Vip Dialogues Bad Boy.mp3,male_fear
